image,label
data/scraped_data/images/201109/201109.jpg,sin_octogono
data/scraped_data/images/210208/210208.jpg,sin_octogono
data/scraped_data/images/211683/211683.jpg,sin_octogono
data/scraped_data/images/211684/211684.jpg,sin_octogono
data/scraped_data/images/220350/220350.jpg,con_octogono
data/scraped_data/images/220359/220359.jpg,con_octogono
data/scraped_data/images/220375/220375.jpg,con_octogono
data/scraped_data/images/220376/220376.jpg,con_octogono
data/scraped_data/images/220385/220385.jpg,con_octogono
data/scraped_data/images/220386/220386.jpg,con_octogono
data/scraped_data/images/220456/220456.jpg,sin_octogono
data/scraped_data/images/241887/241887.jpg,sin_octogono
data/scraped_data/images/270417/270417.jpg,con_octogono
data/scraped_data/images/345068/345068.jpg,sin_octogono
data/scraped_data/images/345107/345107.jpg,con_octogono
data/scraped_data/images/345109/345109.jpg,sin_octogono
data/scraped_data/images/345110/345110.jpg,sin_octogono
data/scraped_data/images/345112/345112.jpg,sin_octogono
data/scraped_data/images/345158/345158.jpg,sin_octogono
data/scraped_data/images/345170/345170.jpg,sin_octogono
data/scraped_data/images/345176/345176.jpg,sin_octogono
data/scraped_data/images/345179/345179.jpg,con_octogono
data/scraped_data/images/345183/345183.jpg,con_octogono
data/scraped_data/images/345184/345184.jpg,sin_octogono
data/scraped_data/images/345186/345186.jpg,sin_octogono
data/scraped_data/images/345187/345187.jpg,sin_octogono
data/scraped_data/images/345188/345188.jpg,sin_octogono
data/scraped_data/images/345190/345190.jpg,sin_octogono
data/scraped_data/images/345205/345205.jpg,con_octogono
data/scraped_data/images/345221/345221.jpg,sin_octogono
data/scraped_data/images/345222/345222.jpg,sin_octogono
data/scraped_data/images/345223/345223.jpg,sin_octogono
data/scraped_data/images/345297/345297.jpg,con_octogono
data/scraped_data/images/345305/345305.jpg,sin_octogono
data/scraped_data/images/345312/345312.jpg,sin_octogono
data/scraped_data/images/345405/345405.jpg,sin_octogono
data/scraped_data/images/345407/345407.jpg,sin_octogono
data/scraped_data/images/345445/345445.jpg,sin_octogono
data/scraped_data/images/345446/345446.jpg,sin_octogono
data/scraped_data/images/345447/345447.jpg,sin_octogono
data/scraped_data/images/345448/345448.jpg,sin_octogono
data/scraped_data/images/345449/345449.jpg,sin_octogono
data/scraped_data/images/345450/345450.jpg,sin_octogono
data/scraped_data/images/345470/345470.jpg,sin_octogono
data/scraped_data/images/345484/345484.jpg,sin_octogono
data/scraped_data/images/345501/345501.jpg,sin_octogono
data/scraped_data/images/345502/345502.jpg,sin_octogono
data/scraped_data/images/345505/345505.jpg,sin_octogono
data/scraped_data/images/345506/345506.jpg,sin_octogono
data/scraped_data/images/345508/345508.jpg,sin_octogono
data/scraped_data/images/345538/345538.jpg,sin_octogono
data/scraped_data/images/345539/345539.jpg,sin_octogono
data/scraped_data/images/345549/345549.jpg,con_octogono
data/scraped_data/images/345551/345551.jpg,sin_octogono
data/scraped_data/images/345966/345966.jpg,sin_octogono
data/scraped_data/images/346020/346020.jpg,sin_octogono
data/scraped_data/images/346051/346051.jpg,sin_octogono
data/scraped_data/images/346057/346057.jpg,sin_octogono
data/scraped_data/images/346088/346088.jpg,sin_octogono
data/scraped_data/images/346092/346092.jpg,sin_octogono
data/scraped_data/images/346205/346205.jpg,sin_octogono
data/scraped_data/images/346213/346213.jpg,sin_octogono
data/scraped_data/images/346216/346216.jpg,sin_octogono
data/scraped_data/images/346247/346247.jpg,sin_octogono
data/scraped_data/images/346248/346248.jpg,sin_octogono
data/scraped_data/images/346275/346275.jpg,sin_octogono
data/scraped_data/images/346276/346276.jpg,sin_octogono
data/scraped_data/images/346278/346278.jpg,sin_octogono
data/scraped_data/images/346279/346279.jpg,sin_octogono
data/scraped_data/images/346280/346280.jpg,sin_octogono
data/scraped_data/images/346308/346308.jpg,sin_octogono
data/scraped_data/images/346662/346662.jpg,con_octogono
data/scraped_data/images/346737/346737.jpg,sin_octogono
data/scraped_data/images/346765/346765.jpg,con_octogono
data/scraped_data/images/346766/346766.jpg,sin_octogono
data/scraped_data/images/346769/346769.jpg,sin_octogono
data/scraped_data/images/346770/346770.jpg,con_octogono
data/scraped_data/images/346778/346778.jpg,sin_octogono
data/scraped_data/images/346835/346835.jpg,con_octogono
data/scraped_data/images/346836/346836.jpg,con_octogono
data/scraped_data/images/373002/373002.jpg,sin_octogono
data/scraped_data/images/373017/373017.jpg,sin_octogono
data/scraped_data/images/373019/373019.jpg,con_octogono
data/scraped_data/images/373047/373047.jpg,sin_octogono
data/scraped_data/images/373394/373394.jpg,sin_octogono
data/scraped_data/images/373402/373402.jpg,sin_octogono
data/scraped_data/images/373403/373403.jpg,sin_octogono
data/scraped_data/images/373552/373552.jpg,sin_octogono
data/scraped_data/images/373556/373556.jpg,sin_octogono
data/scraped_data/images/373792/373792.jpg,con_octogono
data/scraped_data/images/373812/373812.jpg,sin_octogono
data/scraped_data/images/373864/373864.jpg,sin_octogono
data/scraped_data/images/379000/379000.jpg,con_octogono
data/scraped_data/images/379005/379005.jpg,con_octogono
data/scraped_data/images/379060/379060.jpg,con_octogono
data/scraped_data/images/379061/379061.jpg,con_octogono
data/scraped_data/images/379116/379116.jpg,con_octogono
data/scraped_data/images/379121/379121.jpg,con_octogono
data/scraped_data/images/379124/379124.jpg,sin_octogono
data/scraped_data/images/379136/379136.jpg,sin_octogono
data/scraped_data/images/379149/379149.jpg,sin_octogono
data/scraped_data/images/379176/379176.jpg,con_octogono
data/scraped_data/images/379212/379212.jpg,sin_octogono
data/scraped_data/images/379213/379213.jpg,sin_octogono
data/scraped_data/images/379215/379215.jpg,sin_octogono
data/scraped_data/images/379218/379218.jpg,sin_octogono
data/scraped_data/images/379225/379225.jpg,con_octogono
data/scraped_data/images/379230/379230.jpg,sin_octogono
data/scraped_data/images/379231/379231.jpg,sin_octogono
data/scraped_data/images/379232/379232.jpg,sin_octogono
data/scraped_data/images/379234/379234.jpg,sin_octogono
data/scraped_data/images/379235/379235.jpg,sin_octogono
data/scraped_data/images/379239/379239.jpg,sin_octogono
data/scraped_data/images/379241/379241.jpg,con_octogono
data/scraped_data/images/379252/379252.jpg,con_octogono
data/scraped_data/images/379268/379268.jpg,sin_octogono
data/scraped_data/images/379280/379280.jpg,con_octogono
data/scraped_data/images/379281/379281.jpg,sin_octogono
data/scraped_data/images/379282/379282.jpg,con_octogono
data/scraped_data/images/379284/379284.jpg,con_octogono
data/scraped_data/images/379290/379290.jpg,sin_octogono
data/scraped_data/images/379293/379293.jpg,sin_octogono
data/scraped_data/images/379296/379296.jpg,sin_octogono
data/scraped_data/images/379308/379308.jpg,sin_octogono
data/scraped_data/images/379348/379348.jpg,sin_octogono
data/scraped_data/images/379350/379350.jpg,sin_octogono
data/scraped_data/images/379354/379354.jpg,sin_octogono
data/scraped_data/images/379408/379408.jpg,sin_octogono
data/scraped_data/images/379414/379414.jpg,con_octogono
data/scraped_data/images/379434/379434.jpg,con_octogono
data/scraped_data/images/379650/379650.jpg,sin_octogono
data/scraped_data/images/379694/379694.jpg,con_octogono
data/scraped_data/images/379696/379696.jpg,con_octogono
data/scraped_data/images/379700/379700.jpg,con_octogono
data/scraped_data/images/379794/379794.jpg,con_octogono
data/scraped_data/images/379966/379966.jpg,sin_octogono
data/scraped_data/images/422224/422224.jpg,sin_octogono
data/scraped_data/images/472050/472050.jpg,sin_octogono
data/scraped_data/images/472099/472099.jpg,con_octogono
data/scraped_data/images/472171/472171.jpg,con_octogono
data/scraped_data/images/472198/472198.jpg,sin_octogono
data/scraped_data/images/472231/472231.jpg,con_octogono
data/scraped_data/images/472235/472235.jpg,sin_octogono
data/scraped_data/images/472246/472246.jpg,con_octogono
data/scraped_data/images/472282/472282.jpg,sin_octogono
data/scraped_data/images/472305/472305.jpg,sin_octogono
data/scraped_data/images/472447/472447.jpg,sin_octogono
data/scraped_data/images/472449/472449.jpg,sin_octogono
data/scraped_data/images/472491/472491.jpg,sin_octogono
data/scraped_data/images/472493/472493.jpg,sin_octogono
data/scraped_data/images/472494/472494.jpg,sin_octogono
data/scraped_data/images/472610/472610.jpg,con_octogono
data/scraped_data/images/472743/472743.jpg,con_octogono
data/scraped_data/images/472786/472786.jpg,sin_octogono
data/scraped_data/images/472817/472817.jpg,con_octogono
data/scraped_data/images/472850/472850.jpg,sin_octogono
data/scraped_data/images/472861/472861.jpg,sin_octogono
data/scraped_data/images/472873/472873.jpg,sin_octogono
data/scraped_data/images/500215/500215.jpg,sin_octogono
data/scraped_data/images/500558/500558.jpg,sin_octogono
data/scraped_data/images/501487/501487.jpg,sin_octogono
data/scraped_data/images/501488/501488.jpg,sin_octogono
data/scraped_data/images/501492/501492.jpg,sin_octogono
data/scraped_data/images/501494/501494.jpg,sin_octogono
data/scraped_data/images/501535/501535.jpg,sin_octogono
data/scraped_data/images/502002/502002.jpg,sin_octogono
data/scraped_data/images/502005/502005.jpg,sin_octogono
data/scraped_data/images/502008/502008.jpg,sin_octogono
data/scraped_data/images/510221/510221.jpg,sin_octogono
data/scraped_data/images/510260/510260.jpg,sin_octogono
data/scraped_data/images/511072/511072.jpg,sin_octogono
data/scraped_data/images/511249/511249.jpg,sin_octogono
data/scraped_data/images/511252/511252.jpg,sin_octogono
data/scraped_data/images/511290/511290.jpg,sin_octogono
data/scraped_data/images/511361/511361.jpg,con_octogono
data/scraped_data/images/511600/511600.jpg,sin_octogono
data/scraped_data/images/511718/511718.jpg,sin_octogono
data/scraped_data/images/511772/511772.jpg,sin_octogono
data/scraped_data/images/511841/511841.jpg,sin_octogono
data/scraped_data/images/511842/511842.jpg,sin_octogono
data/scraped_data/images/511960/511960.jpg,sin_octogono
data/scraped_data/images/511987/511987.jpg,con_octogono
data/scraped_data/images/511988/511988.jpg,sin_octogono
data/scraped_data/images/517001/517001.jpg,sin_octogono
data/scraped_data/images/517570/517570.jpg,sin_octogono
data/scraped_data/images/517580/517580.jpg,sin_octogono
data/scraped_data/images/520090/520090.jpg,sin_octogono
data/scraped_data/images/520872/520872.jpg,con_octogono
data/scraped_data/images/521099/521099.jpg,sin_octogono
data/scraped_data/images/521101/521101.jpg,sin_octogono
data/scraped_data/images/521103/521103.jpg,sin_octogono
data/scraped_data/images/521120/521120.jpg,sin_octogono
data/scraped_data/images/521476/521476.jpg,sin_octogono
data/scraped_data/images/523028/523028.jpg,sin_octogono
data/scraped_data/images/523039/523039.jpg,sin_octogono
data/scraped_data/images/530121/530121.jpg,sin_octogono
data/scraped_data/images/530815/530815.jpg,sin_octogono
data/scraped_data/images/530823/530823.jpg,sin_octogono
data/scraped_data/images/573007/573007.jpg,sin_octogono
data/scraped_data/images/573256/573256.jpg,sin_octogono
data/scraped_data/images/573392/573392.jpg,sin_octogono
data/scraped_data/images/573393/573393.jpg,sin_octogono
data/scraped_data/images/573435/573435.jpg,sin_octogono
data/scraped_data/images/573487/573487.jpg,sin_octogono
data/scraped_data/images/573490/573490.jpg,con_octogono
data/scraped_data/images/573509/573509.jpg,sin_octogono
data/scraped_data/images/573529/573529.jpg,sin_octogono
data/scraped_data/images/573532/573532.jpg,sin_octogono
data/scraped_data/images/573627/573627.jpg,sin_octogono
data/scraped_data/images/573665/573665.jpg,con_octogono
data/scraped_data/images/573666/573666.jpg,sin_octogono
data/scraped_data/images/573709/573709.jpg,sin_octogono
data/scraped_data/images/573781/573781.jpg,sin_octogono
data/scraped_data/images/573782/573782.jpg,sin_octogono
data/scraped_data/images/573783/573783.jpg,sin_octogono
data/scraped_data/images/573785/573785.jpg,sin_octogono
data/scraped_data/images/573795/573795.jpg,con_octogono
data/scraped_data/images/573833/573833.jpg,sin_octogono
data/scraped_data/images/573834/573834.jpg,sin_octogono
data/scraped_data/images/573835/573835.jpg,sin_octogono
data/scraped_data/images/573836/573836.jpg,sin_octogono
data/scraped_data/images/573964/573964.jpg,sin_octogono
data/scraped_data/images/573966/573966.jpg,sin_octogono
data/scraped_data/images/573993/573993.jpg,sin_octogono
data/scraped_data/images/573994/573994.jpg,sin_octogono
data/scraped_data/images/575405/575405.jpg,sin_octogono
data/scraped_data/images/575435/575435.jpg,sin_octogono
data/scraped_data/images/575468/575468.jpg,con_octogono
data/scraped_data/images/575567/575567.jpg,sin_octogono
data/scraped_data/images/575638/575638.jpg,sin_octogono
data/scraped_data/images/575711/575711.jpg,sin_octogono
data/scraped_data/images/575745/575745.jpg,sin_octogono
data/scraped_data/images/575772/575772.jpg,sin_octogono
data/scraped_data/images/575773/575773.jpg,sin_octogono
data/scraped_data/images/575832/575832.jpg,sin_octogono
data/scraped_data/images/591982/591982.jpg,sin_octogono
data/scraped_data/images/591995/591995.jpg,sin_octogono
data/scraped_data/images/601486/601486.jpg,sin_octogono
data/scraped_data/images/601488/601488.jpg,sin_octogono
data/scraped_data/images/601490/601490.jpg,sin_octogono
data/scraped_data/images/601527/601527.jpg,sin_octogono
data/scraped_data/images/601597/601597.jpg,con_octogono
data/scraped_data/images/601628/601628.jpg,sin_octogono
data/scraped_data/images/601675/601675.jpg,sin_octogono
data/scraped_data/images/601687/601687.jpg,con_octogono
data/scraped_data/images/601688/601688.jpg,con_octogono
data/scraped_data/images/601689/601689.jpg,con_octogono
data/scraped_data/images/601690/601690.jpg,con_octogono
data/scraped_data/images/601691/601691.jpg,sin_octogono
data/scraped_data/images/601692/601692.jpg,sin_octogono
data/scraped_data/images/601694/601694.jpg,sin_octogono
data/scraped_data/images/601710/601710.jpg,sin_octogono
data/scraped_data/images/601711/601711.jpg,sin_octogono
data/scraped_data/images/601748/601748.jpg,con_octogono
data/scraped_data/images/601857/601857.jpg,sin_octogono
data/scraped_data/images/601880/601880.jpg,con_octogono
data/scraped_data/images/601894/601894.jpg,con_octogono
data/scraped_data/images/601904/601904.jpg,sin_octogono
data/scraped_data/images/601916/601916.jpg,sin_octogono
data/scraped_data/images/601941/601941.jpg,sin_octogono
data/scraped_data/images/602031/602031.jpg,con_octogono
data/scraped_data/images/602034/602034.jpg,sin_octogono
data/scraped_data/images/602052/602052.jpg,con_octogono
data/scraped_data/images/602074/602074.jpg,sin_octogono
data/scraped_data/images/602102/602102.jpg,con_octogono
data/scraped_data/images/602223/602223.jpg,con_octogono
data/scraped_data/images/602323/602323.jpg,sin_octogono
data/scraped_data/images/602346/602346.jpg,sin_octogono
data/scraped_data/images/602351/602351.jpg,con_octogono
data/scraped_data/images/602352/602352.jpg,con_octogono
data/scraped_data/images/602355/602355.jpg,sin_octogono
data/scraped_data/images/602383/602383.jpg,sin_octogono
data/scraped_data/images/602393/602393.jpg,sin_octogono
data/scraped_data/images/602414/602414.jpg,sin_octogono
data/scraped_data/images/602451/602451.jpg,con_octogono
data/scraped_data/images/602506/602506.jpg,sin_octogono
data/scraped_data/images/602507/602507.jpg,sin_octogono
data/scraped_data/images/602542/602542.jpg,con_octogono
data/scraped_data/images/602549/602549.jpg,con_octogono
data/scraped_data/images/602552/602552.jpg,sin_octogono
data/scraped_data/images/602556/602556.jpg,sin_octogono
data/scraped_data/images/602564/602564.jpg,sin_octogono
data/scraped_data/images/602565/602565.jpg,sin_octogono
data/scraped_data/images/602588/602588.jpg,con_octogono
data/scraped_data/images/602596/602596.jpg,sin_octogono
data/scraped_data/images/602605/602605.jpg,sin_octogono
data/scraped_data/images/602606/602606.jpg,sin_octogono
data/scraped_data/images/602633/602633.jpg,sin_octogono
data/scraped_data/images/602636/602636.jpg,con_octogono
data/scraped_data/images/602646/602646.jpg,sin_octogono
data/scraped_data/images/602649/602649.jpg,sin_octogono
data/scraped_data/images/602650/602650.jpg,con_octogono
data/scraped_data/images/602656/602656.jpg,con_octogono
data/scraped_data/images/602698/602698.jpg,con_octogono
data/scraped_data/images/602741/602741.jpg,sin_octogono
data/scraped_data/images/602747/602747.jpg,sin_octogono
data/scraped_data/images/602748/602748.jpg,sin_octogono
data/scraped_data/images/602792/602792.jpg,con_octogono
data/scraped_data/images/602806/602806.jpg,con_octogono
data/scraped_data/images/602807/602807.jpg,sin_octogono
data/scraped_data/images/602813/602813.jpg,con_octogono
data/scraped_data/images/602817/602817.jpg,con_octogono
data/scraped_data/images/602821/602821.jpg,con_octogono
data/scraped_data/images/602829/602829.jpg,con_octogono
data/scraped_data/images/602832/602832.jpg,sin_octogono
data/scraped_data/images/602833/602833.jpg,con_octogono
data/scraped_data/images/602840/602840.jpg,sin_octogono
data/scraped_data/images/602841/602841.jpg,con_octogono
data/scraped_data/images/602852/602852.jpg,con_octogono
data/scraped_data/images/602884/602884.jpg,con_octogono
data/scraped_data/images/602896/602896.jpg,sin_octogono
data/scraped_data/images/602912/602912.jpg,sin_octogono
data/scraped_data/images/602914/602914.jpg,con_octogono
data/scraped_data/images/602918/602918.jpg,con_octogono
data/scraped_data/images/602925/602925.jpg,con_octogono
data/scraped_data/images/602933/602933.jpg,sin_octogono
data/scraped_data/images/602940/602940.jpg,sin_octogono
data/scraped_data/images/602967/602967.jpg,sin_octogono
data/scraped_data/images/602975/602975.jpg,sin_octogono
data/scraped_data/images/602977/602977.jpg,sin_octogono
data/scraped_data/images/602978/602978.jpg,con_octogono
data/scraped_data/images/602979/602979.jpg,sin_octogono
data/scraped_data/images/602980/602980.jpg,sin_octogono
data/scraped_data/images/602982/602982.jpg,con_octogono
data/scraped_data/images/602983/602983.jpg,con_octogono
data/scraped_data/images/602984/602984.jpg,sin_octogono
data/scraped_data/images/602985/602985.jpg,sin_octogono
data/scraped_data/images/602986/602986.jpg,con_octogono
data/scraped_data/images/602988/602988.jpg,sin_octogono
data/scraped_data/images/602991/602991.jpg,con_octogono
data/scraped_data/images/602994/602994.jpg,con_octogono
data/scraped_data/images/611070/611070.jpg,con_octogono
data/scraped_data/images/616492/616492.jpg,sin_octogono
data/scraped_data/images/616756/616756.jpg,sin_octogono
data/scraped_data/images/616757/616757.jpg,sin_octogono
data/scraped_data/images/619166/619166.jpg,sin_octogono
data/scraped_data/images/619777/619777.jpg,sin_octogono
data/scraped_data/images/619929/619929.jpg,sin_octogono
data/scraped_data/images/619994/619994.jpg,sin_octogono
data/scraped_data/images/620002/620002.jpg,sin_octogono
data/scraped_data/images/620003/620003.jpg,sin_octogono
data/scraped_data/images/620750/620750.jpg,sin_octogono
data/scraped_data/images/622148/622148.jpg,sin_octogono
data/scraped_data/images/622289/622289.jpg,sin_octogono
data/scraped_data/images/622290/622290.jpg,con_octogono
data/scraped_data/images/622545/622545.jpg,sin_octogono
data/scraped_data/images/622657/622657.jpg,sin_octogono
data/scraped_data/images/622665/622665.jpg,sin_octogono
data/scraped_data/images/622740/622740.jpg,sin_octogono
data/scraped_data/images/622741/622741.jpg,con_octogono
data/scraped_data/images/622861/622861.jpg,sin_octogono
data/scraped_data/images/622903/622903.jpg,sin_octogono
data/scraped_data/images/622969/622969.jpg,sin_octogono
data/scraped_data/images/622999/622999.jpg,con_octogono
data/scraped_data/images/624063/624063.jpg,sin_octogono
data/scraped_data/images/624226/624226.jpg,sin_octogono
data/scraped_data/images/624378/624378.jpg,sin_octogono
data/scraped_data/images/624551/624551.jpg,con_octogono
data/scraped_data/images/624553/624553.jpg,sin_octogono
data/scraped_data/images/629966/629966.jpg,sin_octogono
data/scraped_data/images/630336/630336.jpg,sin_octogono
data/scraped_data/images/630376/630376.jpg,sin_octogono
data/scraped_data/images/630377/630377.jpg,sin_octogono
data/scraped_data/images/630382/630382.jpg,con_octogono
data/scraped_data/images/630383/630383.jpg,sin_octogono
data/scraped_data/images/631915/631915.jpg,sin_octogono
data/scraped_data/images/631924/631924.jpg,sin_octogono
data/scraped_data/images/631927/631927.jpg,sin_octogono
data/scraped_data/images/632931/632931.jpg,sin_octogono
data/scraped_data/images/632939/632939.jpg,con_octogono
data/scraped_data/images/633002/633002.jpg,sin_octogono
data/scraped_data/images/633010/633010.jpg,sin_octogono
data/scraped_data/images/633012/633012.jpg,con_octogono
data/scraped_data/images/633081/633081.jpg,sin_octogono
data/scraped_data/images/633082/633082.jpg,sin_octogono
data/scraped_data/images/633087/633087.jpg,con_octogono
data/scraped_data/images/633318/633318.jpg,sin_octogono
data/scraped_data/images/633509/633509.jpg,sin_octogono
data/scraped_data/images/633528/633528.jpg,sin_octogono
data/scraped_data/images/633616/633616.jpg,sin_octogono
data/scraped_data/images/640441/640441.jpg,sin_octogono
data/scraped_data/images/640450/640450.jpg,sin_octogono
data/scraped_data/images/640451/640451.jpg,sin_octogono
data/scraped_data/images/640452/640452.jpg,sin_octogono
data/scraped_data/images/640716/640716.jpg,sin_octogono
data/scraped_data/images/640718/640718.jpg,sin_octogono
data/scraped_data/images/640993/640993.jpg,sin_octogono
data/scraped_data/images/641134/641134.jpg,sin_octogono
data/scraped_data/images/641135/641135.jpg,sin_octogono
data/scraped_data/images/641136/641136.jpg,sin_octogono
data/scraped_data/images/641762/641762.jpg,sin_octogono
data/scraped_data/images/642096/642096.jpg,sin_octogono
data/scraped_data/images/642165/642165.jpg,sin_octogono
data/scraped_data/images/642170/642170.jpg,sin_octogono
data/scraped_data/images/642185/642185.jpg,sin_octogono
data/scraped_data/images/642190/642190.jpg,sin_octogono
data/scraped_data/images/642302/642302.jpg,sin_octogono
data/scraped_data/images/643020/643020.jpg,sin_octogono
data/scraped_data/images/643980/643980.jpg,sin_octogono
data/scraped_data/images/643983/643983.jpg,sin_octogono
data/scraped_data/images/647266/647266.jpg,sin_octogono
data/scraped_data/images/647267/647267.jpg,sin_octogono
data/scraped_data/images/648803/648803.jpg,sin_octogono
data/scraped_data/images/648861/648861.jpg,sin_octogono
data/scraped_data/images/648865/648865.jpg,sin_octogono
data/scraped_data/images/648866/648866.jpg,sin_octogono
data/scraped_data/images/649002/649002.jpg,sin_octogono
data/scraped_data/images/649003/649003.jpg,sin_octogono
data/scraped_data/images/649007/649007.jpg,sin_octogono
data/scraped_data/images/649012/649012.jpg,sin_octogono
data/scraped_data/images/649024/649024.jpg,sin_octogono
data/scraped_data/images/649062/649062.jpg,sin_octogono
data/scraped_data/images/649080/649080.jpg,sin_octogono
data/scraped_data/images/649294/649294.jpg,sin_octogono
data/scraped_data/images/649508/649508.jpg,sin_octogono
data/scraped_data/images/649526/649526.jpg,sin_octogono
data/scraped_data/images/649653/649653.jpg,sin_octogono
data/scraped_data/images/650616/650616.jpg,sin_octogono
data/scraped_data/images/653036/653036.jpg,sin_octogono
data/scraped_data/images/657151/657151.jpg,sin_octogono
data/scraped_data/images/660003/660003.jpg,sin_octogono
data/scraped_data/images/660111/660111.jpg,con_octogono
data/scraped_data/images/660115/660115.jpg,sin_octogono
data/scraped_data/images/660116/660116.jpg,sin_octogono
data/scraped_data/images/660129/660129.jpg,sin_octogono
data/scraped_data/images/660198/660198.jpg,sin_octogono
data/scraped_data/images/660202/660202.jpg,sin_octogono
data/scraped_data/images/660209/660209.jpg,sin_octogono
data/scraped_data/images/660210/660210.jpg,sin_octogono
data/scraped_data/images/660223/660223.jpg,sin_octogono
data/scraped_data/images/660233/660233.jpg,sin_octogono
data/scraped_data/images/660265/660265.jpg,sin_octogono
data/scraped_data/images/660290/660290.jpg,sin_octogono
data/scraped_data/images/660316/660316.jpg,sin_octogono
data/scraped_data/images/660327/660327.jpg,sin_octogono
data/scraped_data/images/660355/660355.jpg,sin_octogono
data/scraped_data/images/660362/660362.jpg,sin_octogono
data/scraped_data/images/660393/660393.jpg,sin_octogono
data/scraped_data/images/660437/660437.jpg,sin_octogono
data/scraped_data/images/660438/660438.jpg,sin_octogono
data/scraped_data/images/660439/660439.jpg,sin_octogono
data/scraped_data/images/660464/660464.jpg,sin_octogono
data/scraped_data/images/660534/660534.jpg,sin_octogono
data/scraped_data/images/660588/660588.jpg,sin_octogono
data/scraped_data/images/660599/660599.jpg,con_octogono
data/scraped_data/images/660621/660621.jpg,sin_octogono
data/scraped_data/images/660718/660718.jpg,sin_octogono
data/scraped_data/images/660779/660779.jpg,sin_octogono
data/scraped_data/images/660783/660783.jpg,sin_octogono
data/scraped_data/images/660822/660822.jpg,sin_octogono
data/scraped_data/images/660827/660827.jpg,con_octogono
data/scraped_data/images/660884/660884.jpg,con_octogono
data/scraped_data/images/660885/660885.jpg,con_octogono
data/scraped_data/images/660888/660888.jpg,con_octogono
data/scraped_data/images/660892/660892.jpg,sin_octogono
data/scraped_data/images/660893/660893.jpg,sin_octogono
data/scraped_data/images/660897/660897.jpg,sin_octogono
data/scraped_data/images/660930/660930.jpg,sin_octogono
data/scraped_data/images/660931/660931.jpg,sin_octogono
data/scraped_data/images/660946/660946.jpg,sin_octogono
data/scraped_data/images/660950/660950.jpg,sin_octogono
data/scraped_data/images/661061/661061.jpg,sin_octogono
data/scraped_data/images/661098/661098.jpg,sin_octogono
data/scraped_data/images/661114/661114.jpg,sin_octogono
data/scraped_data/images/661118/661118.jpg,sin_octogono
data/scraped_data/images/661124/661124.jpg,sin_octogono
data/scraped_data/images/661163/661163.jpg,sin_octogono
data/scraped_data/images/661169/661169.jpg,sin_octogono
data/scraped_data/images/661197/661197.jpg,sin_octogono
data/scraped_data/images/661217/661217.jpg,sin_octogono
data/scraped_data/images/661272/661272.jpg,sin_octogono
data/scraped_data/images/661310/661310.jpg,sin_octogono
data/scraped_data/images/661373/661373.jpg,sin_octogono
data/scraped_data/images/661394/661394.jpg,sin_octogono
data/scraped_data/images/661400/661400.jpg,sin_octogono
data/scraped_data/images/661412/661412.jpg,con_octogono
data/scraped_data/images/661428/661428.jpg,sin_octogono
data/scraped_data/images/661466/661466.jpg,sin_octogono
data/scraped_data/images/661524/661524.jpg,sin_octogono
data/scraped_data/images/661651/661651.jpg,sin_octogono
data/scraped_data/images/661652/661652.jpg,sin_octogono
data/scraped_data/images/661657/661657.jpg,con_octogono
data/scraped_data/images/661658/661658.jpg,con_octogono
data/scraped_data/images/661661/661661.jpg,sin_octogono
data/scraped_data/images/661662/661662.jpg,sin_octogono
data/scraped_data/images/661666/661666.jpg,sin_octogono
data/scraped_data/images/661691/661691.jpg,sin_octogono
data/scraped_data/images/661707/661707.jpg,sin_octogono
data/scraped_data/images/661726/661726.jpg,sin_octogono
data/scraped_data/images/661750/661750.jpg,sin_octogono
data/scraped_data/images/661754/661754.jpg,sin_octogono
data/scraped_data/images/661782/661782.jpg,sin_octogono
data/scraped_data/images/661807/661807.jpg,sin_octogono
data/scraped_data/images/661875/661875.jpg,sin_octogono
data/scraped_data/images/661898/661898.jpg,sin_octogono
data/scraped_data/images/661919/661919.jpg,sin_octogono
data/scraped_data/images/661920/661920.jpg,sin_octogono
data/scraped_data/images/661922/661922.jpg,sin_octogono
data/scraped_data/images/661979/661979.jpg,sin_octogono
data/scraped_data/images/661988/661988.jpg,sin_octogono
data/scraped_data/images/661989/661989.jpg,con_octogono
data/scraped_data/images/662058/662058.jpg,sin_octogono
data/scraped_data/images/662098/662098.jpg,sin_octogono
data/scraped_data/images/662100/662100.jpg,con_octogono
data/scraped_data/images/662127/662127.jpg,sin_octogono
data/scraped_data/images/662148/662148.jpg,sin_octogono
data/scraped_data/images/662154/662154.jpg,con_octogono
data/scraped_data/images/662271/662271.jpg,sin_octogono
data/scraped_data/images/662357/662357.jpg,sin_octogono
data/scraped_data/images/662408/662408.jpg,sin_octogono
data/scraped_data/images/662443/662443.jpg,sin_octogono
data/scraped_data/images/662446/662446.jpg,con_octogono
data/scraped_data/images/662474/662474.jpg,sin_octogono
data/scraped_data/images/662476/662476.jpg,sin_octogono
data/scraped_data/images/662500/662500.jpg,sin_octogono
data/scraped_data/images/662501/662501.jpg,sin_octogono
data/scraped_data/images/662503/662503.jpg,sin_octogono
data/scraped_data/images/662504/662504.jpg,sin_octogono
data/scraped_data/images/662506/662506.jpg,sin_octogono
data/scraped_data/images/662508/662508.jpg,sin_octogono
data/scraped_data/images/662523/662523.jpg,sin_octogono
data/scraped_data/images/662526/662526.jpg,sin_octogono
data/scraped_data/images/662532/662532.jpg,sin_octogono
data/scraped_data/images/662538/662538.jpg,sin_octogono
data/scraped_data/images/662544/662544.jpg,sin_octogono
data/scraped_data/images/662546/662546.jpg,sin_octogono
data/scraped_data/images/662552/662552.jpg,sin_octogono
data/scraped_data/images/662596/662596.jpg,sin_octogono
data/scraped_data/images/662599/662599.jpg,sin_octogono
data/scraped_data/images/662626/662626.jpg,con_octogono
data/scraped_data/images/662631/662631.jpg,sin_octogono
data/scraped_data/images/662634/662634.jpg,sin_octogono
data/scraped_data/images/662635/662635.jpg,sin_octogono
data/scraped_data/images/662650/662650.jpg,con_octogono
data/scraped_data/images/662654/662654.jpg,sin_octogono
data/scraped_data/images/662658/662658.jpg,sin_octogono
data/scraped_data/images/662661/662661.jpg,con_octogono
data/scraped_data/images/662686/662686.jpg,con_octogono
data/scraped_data/images/662688/662688.jpg,con_octogono
data/scraped_data/images/662705/662705.jpg,sin_octogono
data/scraped_data/images/662711/662711.jpg,sin_octogono
data/scraped_data/images/662715/662715.jpg,sin_octogono
data/scraped_data/images/662721/662721.jpg,sin_octogono
data/scraped_data/images/662755/662755.jpg,sin_octogono
data/scraped_data/images/662763/662763.jpg,sin_octogono
data/scraped_data/images/662765/662765.jpg,sin_octogono
data/scraped_data/images/662798/662798.jpg,sin_octogono
data/scraped_data/images/662801/662801.jpg,con_octogono
data/scraped_data/images/662802/662802.jpg,con_octogono
data/scraped_data/images/662804/662804.jpg,sin_octogono
data/scraped_data/images/662813/662813.jpg,sin_octogono
data/scraped_data/images/662814/662814.jpg,sin_octogono
data/scraped_data/images/662826/662826.jpg,con_octogono
data/scraped_data/images/662844/662844.jpg,sin_octogono
data/scraped_data/images/662857/662857.jpg,con_octogono
data/scraped_data/images/662896/662896.jpg,sin_octogono
data/scraped_data/images/662901/662901.jpg,con_octogono
data/scraped_data/images/662915/662915.jpg,sin_octogono
data/scraped_data/images/662918/662918.jpg,sin_octogono
data/scraped_data/images/662955/662955.jpg,sin_octogono
data/scraped_data/images/662986/662986.jpg,sin_octogono
data/scraped_data/images/663020/663020.jpg,con_octogono
data/scraped_data/images/663045/663045.jpg,con_octogono
data/scraped_data/images/663074/663074.jpg,sin_octogono
data/scraped_data/images/663150/663150.jpg,sin_octogono
data/scraped_data/images/663258/663258.jpg,con_octogono
data/scraped_data/images/663261/663261.jpg,sin_octogono
data/scraped_data/images/663510/663510.jpg,sin_octogono
data/scraped_data/images/663541/663541.jpg,con_octogono
data/scraped_data/images/663562/663562.jpg,sin_octogono
data/scraped_data/images/663765/663765.jpg,sin_octogono
data/scraped_data/images/663790/663790.jpg,con_octogono
data/scraped_data/images/663875/663875.jpg,sin_octogono
data/scraped_data/images/663926/663926.jpg,con_octogono
data/scraped_data/images/663936/663936.jpg,sin_octogono
data/scraped_data/images/663951/663951.jpg,sin_octogono
data/scraped_data/images/663959/663959.jpg,sin_octogono
data/scraped_data/images/663960/663960.jpg,sin_octogono
data/scraped_data/images/663968/663968.jpg,sin_octogono
data/scraped_data/images/663969/663969.jpg,sin_octogono
data/scraped_data/images/663973/663973.jpg,sin_octogono
data/scraped_data/images/663993/663993.jpg,con_octogono
data/scraped_data/images/664111/664111.jpg,con_octogono
data/scraped_data/images/664234/664234.jpg,sin_octogono
data/scraped_data/images/664235/664235.jpg,sin_octogono
data/scraped_data/images/664318/664318.jpg,con_octogono
data/scraped_data/images/664320/664320.jpg,con_octogono
data/scraped_data/images/664527/664527.jpg,sin_octogono
data/scraped_data/images/664528/664528.jpg,sin_octogono
data/scraped_data/images/664590/664590.jpg,con_octogono
data/scraped_data/images/665065/665065.jpg,con_octogono
data/scraped_data/images/665664/665664.jpg,sin_octogono
data/scraped_data/images/665763/665763.jpg,sin_octogono
data/scraped_data/images/665764/665764.jpg,sin_octogono
data/scraped_data/images/666080/666080.jpg,sin_octogono
data/scraped_data/images/666535/666535.jpg,con_octogono
data/scraped_data/images/666620/666620.jpg,con_octogono
data/scraped_data/images/667089/667089.jpg,sin_octogono
data/scraped_data/images/667415/667415.jpg,sin_octogono
data/scraped_data/images/668099/668099.jpg,sin_octogono
data/scraped_data/images/668101/668101.jpg,sin_octogono
data/scraped_data/images/668122/668122.jpg,sin_octogono
data/scraped_data/images/668142/668142.jpg,sin_octogono
data/scraped_data/images/668287/668287.jpg,sin_octogono
data/scraped_data/images/668289/668289.jpg,sin_octogono
data/scraped_data/images/668336/668336.jpg,con_octogono
data/scraped_data/images/668410/668410.jpg,sin_octogono
data/scraped_data/images/668453/668453.jpg,sin_octogono
data/scraped_data/images/668466/668466.jpg,con_octogono
data/scraped_data/images/668469/668469.jpg,con_octogono
data/scraped_data/images/668473/668473.jpg,con_octogono
data/scraped_data/images/668616/668616.jpg,sin_octogono
data/scraped_data/images/668716/668716.jpg,con_octogono
data/scraped_data/images/668853/668853.jpg,sin_octogono
data/scraped_data/images/668854/668854.jpg,sin_octogono
data/scraped_data/images/668856/668856.jpg,sin_octogono
data/scraped_data/images/668987/668987.jpg,sin_octogono
data/scraped_data/images/669129/669129.jpg,sin_octogono
data/scraped_data/images/669176/669176.jpg,sin_octogono
data/scraped_data/images/669227/669227.jpg,sin_octogono
data/scraped_data/images/669238/669238.jpg,sin_octogono
data/scraped_data/images/669263/669263.jpg,sin_octogono
data/scraped_data/images/669265/669265.jpg,sin_octogono
data/scraped_data/images/669296/669296.jpg,sin_octogono
data/scraped_data/images/669335/669335.jpg,sin_octogono
data/scraped_data/images/669434/669434.jpg,sin_octogono
data/scraped_data/images/669472/669472.jpg,sin_octogono
data/scraped_data/images/669647/669647.jpg,sin_octogono
data/scraped_data/images/669717/669717.jpg,sin_octogono
data/scraped_data/images/669767/669767.jpg,sin_octogono
data/scraped_data/images/669795/669795.jpg,sin_octogono
data/scraped_data/images/669797/669797.jpg,sin_octogono
data/scraped_data/images/669893/669893.jpg,sin_octogono
data/scraped_data/images/669894/669894.jpg,sin_octogono
data/scraped_data/images/669926/669926.jpg,con_octogono
data/scraped_data/images/669936/669936.jpg,sin_octogono
data/scraped_data/images/669952/669952.jpg,sin_octogono
data/scraped_data/images/669975/669975.jpg,sin_octogono
data/scraped_data/images/673501/673501.jpg,sin_octogono
data/scraped_data/images/673510/673510.jpg,sin_octogono
data/scraped_data/images/673511/673511.jpg,sin_octogono
data/scraped_data/images/673516/673516.jpg,sin_octogono
data/scraped_data/images/673550/673550.jpg,sin_octogono
data/scraped_data/images/674581/674581.jpg,sin_octogono
data/scraped_data/images/674715/674715.jpg,sin_octogono
data/scraped_data/images/674945/674945.jpg,sin_octogono
data/scraped_data/images/677336/677336.jpg,sin_octogono
data/scraped_data/images/682602/682602.jpg,sin_octogono
data/scraped_data/images/684617/684617.jpg,sin_octogono
data/scraped_data/images/686043/686043.jpg,sin_octogono
data/scraped_data/images/700071/700071.jpg,sin_octogono
data/scraped_data/images/701401/701401.jpg,sin_octogono
data/scraped_data/images/703053/703053.jpg,sin_octogono
data/scraped_data/images/703054/703054.jpg,sin_octogono
data/scraped_data/images/703331/703331.jpg,sin_octogono
data/scraped_data/images/703367/703367.jpg,sin_octogono
data/scraped_data/images/703503/703503.jpg,sin_octogono
data/scraped_data/images/703852/703852.jpg,sin_octogono
data/scraped_data/images/704130/704130.jpg,sin_octogono
data/scraped_data/images/704298/704298.jpg,sin_octogono
data/scraped_data/images/704369/704369.jpg,sin_octogono
data/scraped_data/images/704391/704391.jpg,sin_octogono
data/scraped_data/images/704665/704665.jpg,sin_octogono
data/scraped_data/images/708160/708160.jpg,sin_octogono
data/scraped_data/images/710390/710390.jpg,sin_octogono
data/scraped_data/images/710871/710871.jpg,sin_octogono
data/scraped_data/images/711489/711489.jpg,sin_octogono
data/scraped_data/images/711490/711490.jpg,sin_octogono
data/scraped_data/images/720083/720083.jpg,sin_octogono
data/scraped_data/images/730006/730006.jpg,sin_octogono
data/scraped_data/images/730007/730007.jpg,sin_octogono
data/scraped_data/images/730009/730009.jpg,sin_octogono
data/scraped_data/images/730010/730010.jpg,sin_octogono
data/scraped_data/images/730018/730018.jpg,sin_octogono
data/scraped_data/images/730025/730025.jpg,sin_octogono
data/scraped_data/images/730026/730026.jpg,sin_octogono
data/scraped_data/images/730037/730037.jpg,sin_octogono
data/scraped_data/images/730050/730050.jpg,sin_octogono
data/scraped_data/images/730051/730051.jpg,sin_octogono
data/scraped_data/images/730052/730052.jpg,sin_octogono
data/scraped_data/images/730055/730055.jpg,sin_octogono
data/scraped_data/images/730057/730057.jpg,sin_octogono
data/scraped_data/images/730059/730059.jpg,sin_octogono
data/scraped_data/images/730062/730062.jpg,sin_octogono
data/scraped_data/images/730066/730066.jpg,sin_octogono
data/scraped_data/images/730086/730086.jpg,sin_octogono
data/scraped_data/images/730102/730102.jpg,sin_octogono
data/scraped_data/images/730106/730106.jpg,sin_octogono
data/scraped_data/images/730109/730109.jpg,sin_octogono
data/scraped_data/images/730112/730112.jpg,sin_octogono
data/scraped_data/images/730114/730114.jpg,sin_octogono
data/scraped_data/images/730116/730116.jpg,sin_octogono
data/scraped_data/images/730152/730152.jpg,sin_octogono
data/scraped_data/images/730160/730160.jpg,sin_octogono
data/scraped_data/images/730550/730550.jpg,sin_octogono
data/scraped_data/images/731590/731590.jpg,sin_octogono
data/scraped_data/images/732201/732201.jpg,sin_octogono
data/scraped_data/images/732202/732202.jpg,sin_octogono
data/scraped_data/images/732210/732210.jpg,sin_octogono
data/scraped_data/images/732212/732212.jpg,sin_octogono
data/scraped_data/images/732213/732213.jpg,sin_octogono
data/scraped_data/images/732215/732215.jpg,sin_octogono
data/scraped_data/images/732217/732217.jpg,sin_octogono
data/scraped_data/images/732224/732224.jpg,sin_octogono
data/scraped_data/images/732237/732237.jpg,sin_octogono
data/scraped_data/images/732251/732251.jpg,sin_octogono
data/scraped_data/images/732254/732254.jpg,sin_octogono
data/scraped_data/images/732256/732256.jpg,sin_octogono
data/scraped_data/images/732257/732257.jpg,sin_octogono
data/scraped_data/images/732263/732263.jpg,sin_octogono
data/scraped_data/images/732273/732273.jpg,sin_octogono
data/scraped_data/images/732276/732276.jpg,sin_octogono
data/scraped_data/images/732297/732297.jpg,sin_octogono
data/scraped_data/images/732354/732354.jpg,sin_octogono
data/scraped_data/images/732453/732453.jpg,sin_octogono
data/scraped_data/images/732604/732604.jpg,sin_octogono
data/scraped_data/images/732749/732749.jpg,sin_octogono
data/scraped_data/images/732922/732922.jpg,sin_octogono
data/scraped_data/images/735001/735001.jpg,sin_octogono
data/scraped_data/images/735003/735003.jpg,sin_octogono
data/scraped_data/images/735005/735005.jpg,sin_octogono
data/scraped_data/images/735205/735205.jpg,sin_octogono
data/scraped_data/images/735248/735248.jpg,sin_octogono
data/scraped_data/images/740004/740004.jpg,sin_octogono
data/scraped_data/images/740239/740239.jpg,sin_octogono
data/scraped_data/images/740291/740291.jpg,sin_octogono
data/scraped_data/images/740295/740295.jpg,sin_octogono
data/scraped_data/images/740351/740351.jpg,sin_octogono
data/scraped_data/images/742088/742088.jpg,sin_octogono
data/scraped_data/images/742373/742373.jpg,sin_octogono
data/scraped_data/images/742504/742504.jpg,sin_octogono
data/scraped_data/images/742570/742570.jpg,con_octogono
data/scraped_data/images/742585/742585.jpg,sin_octogono
data/scraped_data/images/744033/744033.jpg,con_octogono
data/scraped_data/images/744065/744065.jpg,sin_octogono
data/scraped_data/images/744131/744131.jpg,con_octogono
data/scraped_data/images/744376/744376.jpg,sin_octogono
data/scraped_data/images/744431/744431.jpg,sin_octogono
data/scraped_data/images/744440/744440.jpg,sin_octogono
data/scraped_data/images/744573/744573.jpg,sin_octogono
data/scraped_data/images/744578/744578.jpg,sin_octogono
data/scraped_data/images/744745/744745.jpg,sin_octogono
data/scraped_data/images/744814/744814.jpg,sin_octogono
data/scraped_data/images/744901/744901.jpg,sin_octogono
data/scraped_data/images/745082/745082.jpg,sin_octogono
data/scraped_data/images/745108/745108.jpg,sin_octogono
data/scraped_data/images/745183/745183.jpg,con_octogono
data/scraped_data/images/745213/745213.jpg,con_octogono
data/scraped_data/images/745228/745228.jpg,con_octogono
data/scraped_data/images/745685/745685.jpg,sin_octogono
data/scraped_data/images/745837/745837.jpg,sin_octogono
data/scraped_data/images/745916/745916.jpg,sin_octogono
data/scraped_data/images/745958/745958.jpg,sin_octogono
data/scraped_data/images/746731/746731.jpg,sin_octogono
data/scraped_data/images/746887/746887.jpg,sin_octogono
data/scraped_data/images/748801/748801.jpg,sin_octogono
data/scraped_data/images/750952/750952.jpg,sin_octogono
data/scraped_data/images/751864/751864.jpg,sin_octogono
data/scraped_data/images/751869/751869.jpg,sin_octogono
data/scraped_data/images/751876/751876.jpg,sin_octogono
data/scraped_data/images/753770/753770.jpg,con_octogono
data/scraped_data/images/753772/753772.jpg,con_octogono
data/scraped_data/images/792843/792843.jpg,sin_octogono
data/scraped_data/images/981005/981005.jpg,con_octogono
data/scraped_data/images/981006/981006.jpg,con_octogono
data/scraped_data/images/981011/981011.jpg,con_octogono
data/scraped_data/images/981017/981017.jpg,sin_octogono
data/scraped_data/images/981020/981020.jpg,con_octogono
data/scraped_data/images/981059/981059.jpg,con_octogono
data/scraped_data/images/981062/981062.jpg,sin_octogono
data/scraped_data/images/981064/981064.jpg,sin_octogono
data/scraped_data/images/981078/981078.jpg,con_octogono
data/scraped_data/images/981087/981087.jpg,sin_octogono
data/scraped_data/images/981117/981117.jpg,sin_octogono
data/scraped_data/images/981134/981134.jpg,con_octogono
data/scraped_data/images/981154/981154.jpg,sin_octogono
data/scraped_data/images/g/g.jpg,con_octogono
